house_id,apartment_count,city_id,area_id
1,56,1,1
2,160,1,1
3,192,1,1
4,272,1,1
5,112,1,1
6,192,1,1
7,80,1,1
8,84,1,1
9,84,1,1
10,68,1,1
11,144,1,1
12,144,1,1
13,80,1,1
14,120,1,1
15,84,1,1
16,68,1,1
17,20,1,1
18,120,1,1
19,272,1,1
20,136,1,1
21,136,1,1
22,40,1,1
23,204,1,1
1,56,1,2
2,144,1,2
3,56,1,2
4,84,1,2
5,48,1,2
6,144,1,2
7,80,1,2
8,136,1,2
9,96,1,2
10,56,1,2
11,136,1,2
12,60,1,2
13,80,1,2
14,160,1,2
15,40,1,2
16,40,1,2
17,120,1,2
18,120,1,2
19,28,1,2
20,272,1,2
21,96,1,2
1,20,1,3
2,28,1,3
3,20,1,3
4,40,1,3
5,272,1,3
6,84,1,3
7,112,1,3
8,28,1,3
9,48,1,3
10,20,1,3
11,48,1,3
12,272,1,3
13,40,1,3
14,192,1,3
15,160,1,3
16,20,1,3
17,40,1,3
18,120,1,3
19,48,1,3
20,80,1,3
21,204,1,3
22,48,1,3
23,84,1,3
24,136,1,3
25,144,1,3
26,136,1,3
27,80,1,3
28,136,1,3
1,56,1,4
2,68,1,4
3,136,1,4
4,68,1,4
5,272,1,4
6,40,1,4
7,96,1,4
8,60,1,4
9,28,1,4
10,40,1,4
11,20,1,4
12,28,1,4
13,84,1,4
14,84,1,4
15,40,1,4
16,192,1,4
17,272,1,4
18,40,1,4
19,272,1,4
20,136,1,4
21,56,1,4
22,120,1,4
1,48,1,5
2,120,1,5
3,80,1,5
4,84,1,5
5,56,1,5
6,204,1,5
7,28,1,5
8,40,1,5
9,20,1,5
10,112,1,5
11,40,1,5
12,192,1,5
13,60,1,5
14,112,1,5
15,120,1,5
16,40,1,5
17,160,1,5
18,20,1,5
19,48,1,5
20,60,1,5
21,80,1,5
22,192,1,5
23,40,1,5
24,68,1,5
25,40,1,5
26,40,1,5
27,48,1,5
1,96,1,6
2,96,1,6
3,80,1,6
4,20,1,6
5,48,1,6
6,192,1,6
7,60,1,6
8,272,1,6
9,120,1,6
10,136,1,6
11,80,1,6
12,68,1,6
13,28,1,6
14,56,1,6
15,40,1,6
16,192,1,6
17,120,1,6
18,96,1,6
19,120,1,6
20,28,1,6
21,272,1,6
22,204,1,6
23,272,1,6
24,56,1,6
25,160,1,6
26,112,1,6
1,84,2,1
2,28,2,1
3,120,2,1
4,204,2,1
5,272,2,1
6,20,2,1
7,120,2,1
8,160,2,1
9,96,2,1
10,68,2,1
11,40,2,1
12,56,2,1
13,48,2,1
14,192,2,1
15,204,2,1
16,20,2,1
17,136,2,1
18,112,2,1
19,28,2,1
20,68,2,1
21,40,2,1
22,120,2,1
23,204,2,1
24,40,2,1
25,40,2,1
26,204,2,1
27,60,2,1
28,80,2,1
29,60,2,1
30,96,2,1
31,84,2,1
32,204,2,1
33,40,2,1
1,84,2,2
2,120,2,2
3,160,2,2
4,80,2,2
5,48,2,2
6,192,2,2
7,112,2,2
8,80,2,2
9,204,2,2
10,84,2,2
11,56,2,2
12,40,2,2
13,112,2,2
14,80,2,2
15,20,2,2
16,56,2,2
17,40,2,2
18,40,2,2
19,40,2,2
20,204,2,2
21,272,2,2
22,68,2,2
23,84,2,2
24,40,2,2
25,48,2,2
26,112,2,2
27,136,2,2
28,60,2,2
29,204,2,2
30,192,2,2
31,96,2,2
1,144,2,3
2,20,2,3
3,40,2,3
4,68,2,3
5,112,2,3
6,28,2,3
7,160,2,3
8,136,2,3
9,40,2,3
10,40,2,3
11,28,2,3
12,144,2,3
13,80,2,3
14,56,2,3
15,56,2,3
16,48,2,3
17,68,2,3
18,112,2,3
19,48,2,3
20,192,2,3
21,204,2,3
22,40,2,3
23,60,2,3
24,144,2,3
25,80,2,3
26,20,2,3
27,20,2,3
28,48,2,3
29,60,2,3
30,204,2,3
31,20,2,3
32,40,2,3
1,96,2,4
2,96,2,4
3,40,2,4
4,136,2,4
5,20,2,4
6,96,2,4
7,84,2,4
8,144,2,4
9,80,2,4
10,112,2,4
11,80,2,4
12,160,2,4
13,40,2,4
14,28,2,4
15,272,2,4
16,84,2,4
17,40,2,4
18,28,2,4
19,40,2,4
20,60,2,4
21,20,2,4
22,60,2,4
23,20,2,4
24,80,2,4
25,144,2,4
26,80,2,4
27,136,2,4
28,80,2,4
29,160,2,4
30,272,2,4
31,192,2,4
32,272,2,4
33,40,2,4
34,112,2,4
35,20,2,4
36,80,2,4
37,40,2,4
38,160,2,4
39,96,2,4
40,56,2,4
41,136,2,4
42,192,2,4
43,80,2,4
44,20,2,4
45,20,2,4
46,28,2,4
47,144,2,4
48,56,2,4
1,80,2,5
2,20,2,5
3,120,2,5
4,40,2,5
5,80,2,5
6,80,2,5
7,40,2,5
8,112,2,5
9,80,2,5
10,84,2,5
11,48,2,5
12,68,2,5
13,56,2,5
14,112,2,5
15,48,2,5
16,84,2,5
17,80,2,5
18,56,2,5
19,144,2,5
20,80,2,5
21,272,2,5
22,56,2,5
23,80,2,5
24,120,2,5
25,80,2,5
26,112,2,5
27,204,2,5
28,48,2,5
29,96,2,5
30,80,2,5
31,56,2,5
32,56,2,5
33,80,2,5
34,96,2,5
35,68,2,5
36,192,2,5
1,136,2,6
2,48,2,6
3,112,2,6
4,56,2,6
5,136,2,6
6,120,2,6
7,136,2,6
8,272,2,6
9,112,2,6
10,80,2,6
11,68,2,6
12,68,2,6
13,56,2,6
14,28,2,6
15,56,2,6
16,40,2,6
17,48,2,6
18,40,2,6
19,28,2,6
20,20,2,6
21,28,2,6
22,80,2,6
23,40,2,6
24,192,2,6
25,112,2,6
26,272,2,6
27,60,2,6
28,204,2,6
29,136,2,6
30,84,2,6
31,20,2,6
32,20,2,6
33,48,2,6
34,112,2,6
35,112,2,6
36,80,2,6
37,80,2,6
1,204,2,7
2,80,2,7
3,160,2,7
4,272,2,7
5,192,2,7
6,136,2,7
7,20,2,7
8,40,2,7
9,84,2,7
10,84,2,7
11,40,2,7
12,112,2,7
13,144,2,7
14,96,2,7
15,136,2,7
16,48,2,7
17,84,2,7
18,20,2,7
19,80,2,7
20,84,2,7
21,160,2,7
22,84,2,7
23,56,2,7
24,40,2,7
25,160,2,7
26,40,2,7
27,60,2,7
28,204,2,7
29,136,2,7
30,272,2,7
31,80,2,7
32,120,2,7
33,60,2,7
34,272,2,7
35,136,2,7
36,84,2,7
37,272,2,7
38,40,2,7
39,28,2,7
40,192,2,7
41,40,2,7
1,40,2,8
2,80,2,8
3,120,2,8
4,80,2,8
5,112,2,8
6,40,2,8
7,56,2,8
8,192,2,8
9,192,2,8
10,192,2,8
11,40,2,8
12,120,2,8
13,56,2,8
14,56,2,8
15,56,2,8
16,48,2,8
17,80,2,8
18,48,2,8
19,120,2,8
20,84,2,8
21,112,2,8
22,40,2,8
23,192,2,8
24,144,2,8
25,60,2,8
26,48,2,8
27,112,2,8
28,144,2,8
29,136,2,8
1,120,2,9
2,96,2,9
3,60,2,9
4,272,2,9
5,120,2,9
6,84,2,9
7,80,2,9
8,84,2,9
9,80,2,9
10,28,2,9
11,80,2,9
12,192,2,9
13,60,2,9
14,204,2,9
15,144,2,9
16,272,2,9
17,80,2,9
18,136,2,9
19,68,2,9
20,204,2,9
21,144,2,9
22,272,2,9
23,40,2,9
24,28,2,9
25,136,2,9
26,192,2,9
27,40,2,9
28,192,2,9
29,144,2,9
30,160,2,9
31,56,2,9
32,192,2,9
33,160,2,9
34,204,2,9
35,136,2,9
36,68,2,9
37,40,2,9
38,48,2,9
39,48,2,9
40,48,2,9
41,80,2,9
42,204,2,9
43,204,2,9
44,68,2,9
1,20,2,10
2,48,2,10
3,28,2,10
4,144,2,10
5,96,2,10
6,40,2,10
7,272,2,10
8,144,2,10
9,48,2,10
10,136,2,10
11,272,2,10
12,84,2,10
13,160,2,10
14,40,2,10
15,272,2,10
16,84,2,10
17,192,2,10
18,28,2,10
19,160,2,10
20,192,2,10
21,204,2,10
22,192,2,10
23,192,2,10
24,204,2,10
25,56,2,10
26,60,2,10
27,20,2,10
28,60,2,10
29,40,2,10
30,84,2,10
31,80,2,10
32,48,2,10
33,84,2,10
34,160,2,10
35,160,2,10
36,56,2,10
37,56,2,10
38,40,2,10
39,96,2,10
40,120,2,10
41,48,2,10
42,204,2,10
43,60,2,10
44,56,2,10
45,144,2,10
46,96,2,10
47,48,2,10
48,204,2,10
1,80,2,11
2,272,2,11
3,160,2,11
4,60,2,11
5,60,2,11
6,20,2,11
7,80,2,11
8,144,2,11
9,28,2,11
10,192,2,11
11,28,2,11
12,112,2,11
13,80,2,11
14,160,2,11
15,40,2,11
16,84,2,11
17,96,2,11
18,48,2,11
19,56,2,11
20,28,2,11
21,204,2,11
22,48,2,11
23,160,2,11
24,40,2,11
25,60,2,11
26,192,2,11
27,28,2,11
28,80,2,11
29,272,2,11
30,20,2,11
1,56,2,12
2,84,2,12
3,80,2,12
4,40,2,12
5,96,2,12
6,28,2,12
7,120,2,12
8,112,2,12
9,112,2,12
10,112,2,12
11,28,2,12
12,40,2,12
13,120,2,12
14,80,2,12
15,48,2,12
16,112,2,12
17,28,2,12
18,80,2,12
19,204,2,12
20,120,2,12
21,80,2,12
22,48,2,12
23,272,2,12
24,80,2,12
25,28,2,12
26,60,2,12
27,272,2,12
28,80,2,12
29,56,2,12
30,28,2,12
31,68,2,12
32,68,2,12
33,40,2,12
34,40,2,12
35,80,2,12
36,136,2,12
37,272,2,12
38,204,2,12
39,144,2,12
40,192,2,12
41,40,2,12
42,28,2,12
43,40,2,12
44,272,2,12
45,96,2,12
46,48,2,12
1,192,3,1
2,204,3,1
3,160,3,1
4,20,3,1
5,272,3,1
6,272,3,1
7,20,3,1
8,48,3,1
9,204,3,1
10,84,3,1
11,144,3,1
12,96,3,1
13,40,3,1
14,40,3,1
15,272,3,1
16,56,3,1
17,272,3,1
18,272,3,1
19,80,3,1
20,28,3,1
21,192,3,1
22,60,3,1
23,60,3,1
24,48,3,1
25,56,3,1
26,84,3,1
27,28,3,1
28,40,3,1
29,272,3,1
30,80,3,1
31,84,3,1
32,60,3,1
33,20,3,1
34,68,3,1
35,56,3,1
36,20,3,1
1,84,3,2
2,80,3,2
3,40,3,2
4,136,3,2
5,80,3,2
6,204,3,2
7,40,3,2
8,144,3,2
9,60,3,2
10,160,3,2
11,84,3,2
12,56,3,2
13,40,3,2
14,40,3,2
15,112,3,2
16,204,3,2
17,272,3,2
18,28,3,2
19,68,3,2
20,40,3,2
21,60,3,2
22,144,3,2
23,60,3,2
24,68,3,2
25,48,3,2
26,84,3,2
27,40,3,2
1,28,3,3
2,136,3,3
3,48,3,3
4,96,3,3
5,80,3,3
6,60,3,3
7,40,3,3
8,28,3,3
9,80,3,3
10,204,3,3
11,40,3,3
12,60,3,3
13,160,3,3
14,20,3,3
15,160,3,3
16,204,3,3
17,40,3,3
18,40,3,3
19,80,3,3
20,60,3,3
21,84,3,3
22,40,3,3
23,84,3,3
24,40,3,3
25,80,3,3
26,192,3,3
27,80,3,3
28,84,3,3
29,160,3,3
30,136,3,3
31,192,3,3
32,40,3,3
33,204,3,3
34,60,3,3
35,60,3,3
36,80,3,3
37,80,3,3
38,60,3,3
1,28,3,4
2,60,3,4
3,272,3,4
4,84,3,4
5,192,3,4
6,80,3,4
7,48,3,4
8,60,3,4
9,144,3,4
10,96,3,4
11,28,3,4
12,68,3,4
13,120,3,4
14,144,3,4
15,204,3,4
16,48,3,4
17,160,3,4
18,60,3,4
19,48,3,4
20,40,3,4
21,136,3,4
22,96,3,4
23,144,3,4
24,136,3,4
25,56,3,4
26,28,3,4
27,204,3,4
28,20,3,4
1,272,3,5
2,68,3,5
3,96,3,5
4,120,3,5
5,80,3,5
6,120,3,5
7,60,3,5
8,120,3,5
9,48,3,5
10,48,3,5
11,204,3,5
12,120,3,5
13,96,3,5
14,68,3,5
15,40,3,5
16,80,3,5
17,20,3,5
18,192,3,5
19,112,3,5
20,160,3,5
21,68,3,5
22,192,3,5
23,204,3,5
24,68,3,5
25,144,3,5
26,96,3,5
27,84,3,5
28,84,3,5
29,120,3,5
30,68,3,5
31,192,3,5
32,40,3,5
33,80,3,5
34,60,3,5
35,204,3,5
36,40,3,5
37,272,3,5
38,204,3,5
39,272,3,5
40,84,3,5
41,120,3,5
42,96,3,5
43,80,3,5
44,96,3,5
45,136,3,5
1,68,3,6
2,20,3,6
3,160,3,6
4,84,3,6
5,136,3,6
6,60,3,6
7,20,3,6
8,112,3,6
9,136,3,6
10,136,3,6
11,80,3,6
12,48,3,6
13,204,3,6
14,80,3,6
15,84,3,6
16,160,3,6
17,80,3,6
18,40,3,6
19,80,3,6
20,160,3,6
21,120,3,6
22,144,3,6
23,144,3,6
24,120,3,6
25,40,3,6
26,120,3,6
27,112,3,6
28,40,3,6
29,60,3,6
30,40,3,6
31,60,3,6
32,40,3,6
33,28,3,6
34,84,3,6
35,120,3,6
36,112,3,6
37,80,3,6
38,272,3,6
39,160,3,6
40,48,3,6
41,28,3,6
42,40,3,6
43,80,3,6
1,28,3,7
2,144,3,7
3,68,3,7
4,20,3,7
5,96,3,7
6,20,3,7
7,204,3,7
8,80,3,7
9,96,3,7
10,84,3,7
11,144,3,7
12,20,3,7
13,84,3,7
14,60,3,7
15,40,3,7
16,48,3,7
17,68,3,7
18,48,3,7
19,136,3,7
20,40,3,7
21,80,3,7
22,20,3,7
23,20,3,7
24,28,3,7
25,272,3,7
26,84,3,7
27,144,3,7
28,160,3,7
29,48,3,7
30,80,3,7
31,96,3,7
32,120,3,7
33,204,3,7
34,84,3,7
35,120,3,7
1,20,3,8
2,84,3,8
3,136,3,8
4,20,3,8
5,84,3,8
6,80,3,8
7,40,3,8
8,68,3,8
9,20,3,8
10,68,3,8
11,40,3,8
12,136,3,8
13,120,3,8
14,40,3,8
15,192,3,8
16,80,3,8
17,96,3,8
18,84,3,8
19,192,3,8
20,68,3,8
21,144,3,8
22,56,3,8
23,40,3,8
24,80,3,8
25,40,3,8
26,80,3,8
27,144,3,8
28,96,3,8
29,84,3,8
30,40,3,8
31,48,3,8
32,68,3,8
33,120,3,8
1,84,3,9
2,160,3,9
3,272,3,9
4,40,3,9
5,144,3,9
6,68,3,9
7,96,3,9
8,40,3,9
9,84,3,9
10,56,3,9
11,120,3,9
12,136,3,9
13,272,3,9
14,56,3,9
15,68,3,9
16,160,3,9
17,96,3,9
18,80,3,9
19,120,3,9
20,80,3,9
21,192,3,9
22,136,3,9
23,144,3,9
24,68,3,9
25,60,3,9
26,28,3,9
27,20,3,9
28,112,3,9
29,68,3,9
30,20,3,9
31,68,3,9
32,96,3,9
33,60,3,9
34,68,3,9
35,20,3,9
36,112,3,9
1,96,3,10
2,40,3,10
3,68,3,10
4,48,3,10
5,48,3,10
6,84,3,10
7,204,3,10
8,272,3,10
9,120,3,10
10,204,3,10
11,96,3,10
12,56,3,10
13,80,3,10
14,20,3,10
15,20,3,10
16,40,3,10
17,120,3,10
18,84,3,10
19,144,3,10
20,60,3,10
21,192,3,10
22,56,3,10
23,80,3,10
24,160,3,10
25,80,3,10
26,136,3,10
27,120,3,10
28,144,3,10
29,56,3,10
30,204,3,10
1,160,3,11
2,120,3,11
3,40,3,11
4,56,3,11
5,20,3,11
6,48,3,11
7,120,3,11
8,40,3,11
9,160,3,11
10,120,3,11
11,56,3,11
12,48,3,11
13,20,3,11
14,48,3,11
15,48,3,11
16,28,3,11
17,68,3,11
18,56,3,11
19,84,3,11
20,56,3,11
21,68,3,11
22,56,3,11
23,84,3,11
24,272,3,11
25,40,3,11
26,80,3,11
27,20,3,11
28,20,3,11
1,80,3,12
2,80,3,12
3,20,3,12
4,136,3,12
5,56,3,12
6,160,3,12
7,40,3,12
8,160,3,12
9,80,3,12
10,96,3,12
11,272,3,12
12,68,3,12
13,56,3,12
14,28,3,12
15,136,3,12
16,84,3,12
17,40,3,12
18,136,3,12
19,28,3,12
20,112,3,12
21,56,3,12
22,48,3,12
23,80,3,12
24,204,3,12
25,48,3,12
26,136,3,12
27,68,3,12
28,56,3,12
29,112,3,12
30,84,3,12
31,96,3,12
32,20,3,12
33,84,3,12
34,28,3,12
35,28,3,12
36,120,3,12
37,204,3,12
38,204,3,12
39,40,3,12
40,136,3,12
41,40,3,12
42,20,3,12
1,28,3,13
2,80,3,13
3,84,3,13
4,160,3,13
5,68,3,13
6,28,3,13
7,80,3,13
8,272,3,13
9,136,3,13
10,96,3,13
11,48,3,13
12,96,3,13
13,160,3,13
14,96,3,13
15,84,3,13
16,80,3,13
17,120,3,13
18,28,3,13
19,204,3,13
20,28,3,13
21,40,3,13
22,60,3,13
23,112,3,13
24,20,3,13
25,96,3,13
26,84,3,13
27,120,3,13
28,112,3,13
1,204,3,14
2,40,3,14
3,136,3,14
4,60,3,14
5,80,3,14
6,28,3,14
7,144,3,14
8,48,3,14
9,120,3,14
10,56,3,14
11,80,3,14
12,80,3,14
13,96,3,14
14,20,3,14
15,40,3,14
16,120,3,14
17,28,3,14
18,160,3,14
19,56,3,14
20,136,3,14
21,136,3,14
22,80,3,14
23,28,3,14
24,20,3,14
25,160,3,14
26,84,3,14
27,192,3,14
28,204,3,14
29,68,3,14
30,48,3,14
31,144,3,14
32,192,3,14
33,120,3,14
34,136,3,14
35,96,3,14
36,84,3,14
1,120,4,1
2,80,4,1
3,60,4,1
4,48,4,1
5,20,4,1
6,272,4,1
7,80,4,1
8,84,4,1
9,192,4,1
10,144,4,1
11,80,4,1
12,68,4,1
13,56,4,1
14,84,4,1
15,120,4,1
16,48,4,1
17,56,4,1
18,60,4,1
19,68,4,1
20,48,4,1
21,84,4,1
22,20,4,1
23,48,4,1
24,136,4,1
25,144,4,1
26,120,4,1
1,84,4,2
2,40,4,2
3,20,4,2
4,120,4,2
5,192,4,2
6,96,4,2
7,28,4,2
8,192,4,2
9,160,4,2
10,160,4,2
11,160,4,2
12,204,4,2
13,112,4,2
14,80,4,2
15,272,4,2
16,96,4,2
17,28,4,2
18,120,4,2
19,204,4,2
20,80,4,2
21,56,4,2
22,96,4,2
23,84,4,2
24,80,4,2
1,144,4,3
2,112,4,3
3,120,4,3
4,60,4,3
5,112,4,3
6,56,4,3
7,40,4,3
8,84,4,3
9,192,4,3
10,84,4,3
11,204,4,3
12,80,4,3
13,192,4,3
14,40,4,3
15,40,4,3
16,160,4,3
17,60,4,3
18,80,4,3
19,144,4,3
20,80,4,3
21,68,4,3
22,80,4,3
23,204,4,3
24,40,4,3
25,272,4,3
1,56,4,4
2,28,4,4
3,112,4,4
4,28,4,4
5,80,4,4
6,56,4,4
7,136,4,4
8,192,4,4
9,80,4,4
10,112,4,4
11,28,4,4
12,96,4,4
13,40,4,4
14,28,4,4
15,192,4,4
16,204,4,4
17,272,4,4
18,48,4,4
19,80,4,4
20,80,4,4
21,84,4,4
22,160,4,4
23,48,4,4
24,60,4,4
25,20,4,4
26,56,4,4
1,144,4,5
2,96,4,5
3,160,4,5
4,20,4,5
5,40,4,5
6,40,4,5
7,28,4,5
8,40,4,5
9,80,4,5
10,192,4,5
11,160,4,5
12,160,4,5
13,40,4,5
14,120,4,5
15,96,4,5
16,48,4,5
17,120,4,5
18,40,4,5
19,120,4,5
1,40,4,6
2,80,4,6
3,20,4,6
4,40,4,6
5,40,4,6
6,192,4,6
7,192,4,6
8,80,4,6
9,120,4,6
10,68,4,6
11,68,4,6
12,272,4,6
13,28,4,6
14,60,4,6
15,28,4,6
16,204,4,6
17,120,4,6
18,40,4,6
19,40,4,6
20,96,4,6
21,96,4,6
22,136,4,6
23,40,4,6
24,80,4,6
25,112,4,6
1,204,5,1
2,80,5,1
3,136,5,1
4,144,5,1
5,40,5,1
6,56,5,1
7,136,5,1
8,80,5,1
9,28,5,1
10,204,5,1
11,40,5,1
12,96,5,1
13,112,5,1
14,28,5,1
15,160,5,1
16,136,5,1
17,20,5,1
18,48,5,1
19,80,5,1
1,204,5,2
2,20,5,2
3,192,5,2
4,144,5,2
5,144,5,2
6,144,5,2
7,272,5,2
8,96,5,2
9,144,5,2
10,136,5,2
11,96,5,2
12,68,5,2
13,112,5,2
14,120,5,2
15,28,5,2
16,60,5,2
17,144,5,2
18,28,5,2
19,20,5,2
20,272,5,2
21,20,5,2
22,80,5,2
23,192,5,2
24,40,5,2
25,272,5,2
26,28,5,2
27,192,5,2
28,96,5,2
1,48,5,3
2,80,5,3
3,40,5,3
4,48,5,3
5,112,5,3
6,40,5,3
7,120,5,3
8,80,5,3
9,40,5,3
10,80,5,3
11,96,5,3
12,28,5,3
13,204,5,3
14,192,5,3
15,204,5,3
16,40,5,3
17,204,5,3
18,112,5,3
19,80,5,3
20,80,5,3
21,160,5,3
1,60,5,4
2,160,5,4
3,68,5,4
4,60,5,4
5,20,5,4
6,84,5,4
7,112,5,4
8,112,5,4
9,192,5,4
10,84,5,4
11,272,5,4
12,136,5,4
13,120,5,4
14,144,5,4
15,160,5,4
16,40,5,4
17,160,5,4
1,160,5,5
2,60,5,5
3,120,5,5
4,136,5,5
5,112,5,5
6,112,5,5
7,28,5,5
8,28,5,5
9,112,5,5
10,136,5,5
11,112,5,5
12,112,5,5
13,56,5,5
14,112,5,5
15,160,5,5
16,48,5,5
17,192,5,5
18,160,5,5
19,204,5,5
20,60,5,5
21,144,5,5
22,144,5,5
23,48,5,5
24,40,5,5
25,60,5,5
1,160,5,6
2,84,5,6
3,272,5,6
4,40,5,6
5,80,5,6
6,120,5,6
7,80,5,6
8,48,5,6
9,160,5,6
10,68,5,6
11,192,5,6
12,68,5,6
13,160,5,6
14,112,5,6
15,84,5,6
16,144,5,6
17,204,5,6
18,160,5,6
19,80,5,6
20,136,5,6
1,192,5,7
2,40,5,7
3,84,5,7
4,96,5,7
5,28,5,7
6,144,5,7
7,120,5,7
8,68,5,7
9,60,5,7
10,160,5,7
11,160,5,7
12,96,5,7
13,112,5,7
14,136,5,7
15,56,5,7
16,80,5,7
17,20,5,7
1,160,6,1
2,136,6,1
3,272,6,1
4,60,6,1
5,80,6,1
6,84,6,1
7,204,6,1
8,80,6,1
9,192,6,1
10,96,6,1
11,68,6,1
12,80,6,1
13,96,6,1
14,204,6,1
15,96,6,1
16,80,6,1
17,68,6,1
18,112,6,1
19,192,6,1
20,144,6,1
21,204,6,1
22,112,6,1
23,40,6,1
24,160,6,1
1,272,6,2
2,272,6,2
3,160,6,2
4,80,6,2
5,204,6,2
6,28,6,2
7,60,6,2
8,120,6,2
9,28,6,2
10,80,6,2
11,40,6,2
12,40,6,2
13,192,6,2
14,56,6,2
15,160,6,2
16,56,6,2
17,160,6,2
18,144,6,2
19,80,6,2
20,136,6,2
21,204,6,2
1,136,6,3
2,84,6,3
3,68,6,3
4,84,6,3
5,96,6,3
6,28,6,3
7,120,6,3
8,20,6,3
9,96,6,3
10,144,6,3
11,160,6,3
12,80,6,3
13,120,6,3
14,192,6,3
15,160,6,3
16,28,6,3
17,68,6,3
1,28,6,4
2,40,6,4
3,96,6,4
4,96,6,4
5,144,6,4
6,204,6,4
7,68,6,4
8,28,6,4
9,192,6,4
10,40,6,4
11,204,6,4
12,80,6,4
13,96,6,4
14,120,6,4
15,48,6,4
16,136,6,4
17,204,6,4
18,160,6,4
19,204,6,4
20,272,6,4
21,160,6,4
22,56,6,4
1,144,6,5
2,48,6,5
3,48,6,5
4,144,6,5
5,160,6,5
6,192,6,5
7,48,6,5
8,48,6,5
9,120,6,5
10,80,6,5
11,28,6,5
12,160,6,5
13,160,6,5
14,80,6,5
15,56,6,5
16,96,6,5
1,56,7,1
2,96,7,1
3,272,7,1
4,20,7,1
5,144,7,1
6,192,7,1
7,204,7,1
8,68,7,1
9,40,7,1
10,68,7,1
11,60,7,1
12,60,7,1
13,20,7,1
14,136,7,1
15,192,7,1
16,192,7,1
17,120,7,1
18,204,7,1
19,144,7,1
20,68,7,1
21,136,7,1
22,80,7,1
23,112,7,1
24,56,7,1
1,204,7,2
2,80,7,2
3,272,7,2
4,80,7,2
5,192,7,2
6,112,7,2
7,204,7,2
8,28,7,2
9,272,7,2
10,40,7,2
11,80,7,2
12,20,7,2
13,112,7,2
14,120,7,2
15,48,7,2
1,272,7,3
2,40,7,3
3,84,7,3
4,68,7,3
5,48,7,3
6,40,7,3
7,84,7,3
8,56,7,3
9,28,7,3
10,96,7,3
11,48,7,3
12,160,7,3
13,96,7,3
14,204,7,3
15,68,7,3
1,272,7,4
2,28,7,4
3,40,7,4
4,60,7,4
5,192,7,4
6,56,7,4
7,112,7,4
8,96,7,4
9,40,7,4
10,40,7,4
11,192,7,4
12,204,7,4
13,144,7,4
14,80,7,4
15,60,7,4
16,272,7,4
17,144,7,4
18,160,7,4
19,80,7,4
20,192,7,4
21,192,7,4
22,120,7,4
23,272,7,4
24,28,7,4
25,20,7,4
1,144,7,5
2,96,7,5
3,120,7,5
4,20,7,5
5,272,7,5
6,80,7,5
7,204,7,5
8,80,7,5
9,192,7,5
10,204,7,5
11,68,7,5
12,80,7,5
13,136,7,5
14,96,7,5
15,84,7,5
1,28,8,1
2,40,8,1
3,80,8,1
4,160,8,1
5,48,8,1
6,96,8,1
7,192,8,1
8,20,8,1
9,80,8,1
10,136,8,1
11,96,8,1
12,60,8,1
13,68,8,1
14,84,8,1
15,272,8,1
1,40,8,2
2,120,8,2
3,80,8,2
4,40,8,2
5,144,8,2
6,40,8,2
7,84,8,2
8,192,8,2
9,56,8,2
10,144,8,2
11,120,8,2
12,40,8,2
13,48,8,2
14,136,8,2
15,40,8,2
16,28,8,2
17,48,8,2
18,192,8,2
19,40,8,2
20,60,8,2
21,112,8,2
22,112,8,2
23,28,8,2
24,56,8,2
1,60,8,3
2,68,8,3
3,112,8,3
4,272,8,3
5,60,8,3
6,204,8,3
7,120,8,3
8,160,8,3
9,68,8,3
10,20,8,3
11,112,8,3
12,20,8,3
1,20,8,4
2,112,8,4
3,192,8,4
4,28,8,4
5,204,8,4
6,20,8,4
7,136,8,4
8,204,8,4
9,160,8,4
10,144,8,4
11,68,8,4
12,40,8,4
13,80,8,4
14,96,8,4
15,272,8,4
16,28,8,4
17,272,8,4
18,204,8,4
19,40,8,4
20,96,8,4
21,204,8,4
22,144,8,4
23,272,8,4
24,60,8,4
25,68,8,4
1,96,9,1
2,112,9,1
3,40,9,1
4,20,9,1
5,28,9,1
6,40,9,1
7,20,9,1
8,272,9,1
9,68,9,1
10,56,9,1
11,40,9,1
12,144,9,1
13,80,9,1
14,136,9,1
15,84,9,1
16,204,9,1
1,28,9,2
2,80,9,2
3,68,9,2
4,40,9,2
5,80,9,2
6,28,9,2
7,40,9,2
8,120,9,2
9,80,9,2
10,68,9,2
11,40,9,2
12,204,9,2
13,136,9,2
14,120,9,2
15,84,9,2
16,48,9,2
17,20,9,2
1,40,9,3
2,20,9,3
3,48,9,3
4,80,9,3
5,56,9,3
6,136,9,3
7,136,9,3
8,192,9,3
9,80,9,3
10,84,9,3
11,272,9,3
12,204,9,3
13,120,9,3
14,84,9,3
15,60,9,3
16,40,9,3
17,192,9,3
18,68,9,3
19,192,9,3
20,56,9,3
21,28,9,3
22,112,9,3
23,80,9,3
24,40,9,3
1,144,9,4
2,272,9,4
3,56,9,4
4,144,9,4
5,56,9,4
6,84,9,4
7,60,9,4
8,144,9,4
9,80,9,4
10,192,9,4
11,80,9,4
12,136,9,4
13,80,9,4
14,120,9,4
15,204,9,4
16,144,9,4
17,56,9,4
18,56,9,4
19,136,9,4
20,40,9,4
21,56,9,4
22,136,9,4
23,28,9,4
24,40,9,4
25,40,9,4
26,40,9,4
27,80,9,4
1,40,9,5
2,160,9,5
3,144,9,5
4,28,9,5
5,68,9,5
6,160,9,5
7,20,9,5
8,96,9,5
9,144,9,5
10,28,9,5
11,204,9,5
12,40,9,5
13,60,9,5
14,136,9,5
15,112,9,5
16,272,9,5
17,84,9,5
18,144,9,5
19,80,9,5
20,28,9,5
21,204,9,5
22,68,9,5
23,40,9,5
24,56,9,5
25,96,9,5
26,68,9,5
1,40,9,6
2,20,9,6
3,68,9,6
4,96,9,6
5,60,9,6
6,192,9,6
7,160,9,6
8,84,9,6
9,192,9,6
10,48,9,6
11,192,9,6
12,28,9,6
13,56,9,6
14,80,9,6
15,272,9,6
16,112,9,6
17,68,9,6
18,68,9,6
19,112,9,6
1,272,10,1
2,28,10,1
3,28,10,1
4,192,10,1
5,84,10,1
6,112,10,1
7,56,10,1
8,80,10,1
9,40,10,1
10,20,10,1
11,96,10,1
12,40,10,1
13,112,10,1
14,48,10,1
15,68,10,1
1,136,10,2
2,40,10,2
3,20,10,2
4,48,10,2
5,120,10,2
6,112,10,2
7,80,10,2
8,28,10,2
9,40,10,2
10,68,10,2
11,28,10,2
12,80,10,2
13,48,10,2
14,80,10,2
15,40,10,2
16,96,10,2
17,80,10,2
18,84,10,2
19,112,10,2
20,68,10,2
21,136,10,2
22,136,10,2
23,68,10,2
24,144,10,2
1,112,10,3
2,40,10,3
3,160,10,3
4,96,10,3
5,120,10,3
6,28,10,3
7,28,10,3
8,40,10,3
9,84,10,3
10,60,10,3
11,136,10,3
12,192,10,3
13,136,10,3
14,160,10,3
15,272,10,3
16,96,10,3
17,60,10,3
18,192,10,3
19,84,10,3
20,28,10,3
21,272,10,3
1,28,10,4
2,28,10,4
3,272,10,4
4,272,10,4
5,40,10,4
6,60,10,4
7,112,10,4
8,112,10,4
9,144,10,4
10,40,10,4
11,120,10,4
12,80,10,4
13,60,10,4
14,80,10,4
15,120,10,4
16,80,10,4
17,48,10,4
18,80,10,4
19,68,10,4
20,80,10,4
21,120,10,4
22,48,10,4
23,40,10,4
24,144,10,4
1,68,10,5
2,80,10,5
3,48,10,5
4,192,10,5
5,56,10,5
6,40,10,5
7,60,10,5
8,112,10,5
9,48,10,5
10,28,10,5
11,60,10,5
12,120,10,5
13,84,10,5
14,80,10,5
15,40,10,5
16,144,10,5
17,160,10,5
18,272,10,5
1,84,11,1
2,144,11,1
3,60,11,1
4,120,11,1
5,56,11,1
6,160,11,1
7,80,11,1
8,40,11,1
9,84,11,1
10,68,11,1
11,20,11,1
12,160,11,1
13,20,11,1
14,48,11,1
1,40,11,2
2,40,11,2
3,56,11,2
4,192,11,2
5,40,11,2
6,112,11,2
7,48,11,2
8,80,11,2
9,40,11,2
10,60,11,2
11,136,11,2
12,136,11,2
13,272,11,2
14,136,11,2
15,28,11,2
16,112,11,2
17,40,11,2
18,80,11,2
19,204,11,2
20,84,11,2
21,48,11,2
22,112,11,2
23,136,11,2
24,204,11,2
1,204,11,3
2,20,11,3
3,56,11,3
4,20,11,3
5,204,11,3
6,192,11,3
7,204,11,3
8,160,11,3
9,136,11,3
10,60,11,3
11,112,11,3
12,56,11,3
13,136,11,3
14,20,11,3
15,120,11,3
16,60,11,3
17,60,11,3
1,20,11,4
2,272,11,4
3,40,11,4
4,96,11,4
5,28,11,4
6,56,11,4
7,112,11,4
8,192,11,4
9,20,11,4
10,136,11,4
11,40,11,4
12,160,11,4
13,48,11,4
14,68,11,4
15,80,11,4
16,144,11,4
17,56,11,4
18,80,11,4
19,96,11,4
20,120,11,4
21,204,11,4
22,84,11,4
23,84,11,4
24,40,11,4
1,40,12,1
2,192,12,1
3,40,12,1
4,160,12,1
5,80,12,1
6,120,12,1
7,204,12,1
8,112,12,1
9,68,12,1
10,160,12,1
11,28,12,1
12,80,12,1
13,96,12,1
14,192,12,1
15,160,12,1
16,28,12,1
17,96,12,1
18,160,12,1
19,136,12,1
20,40,12,1
21,112,12,1
22,272,12,1
23,48,12,1
24,96,12,1
25,40,12,1
26,84,12,1
27,160,12,1
28,20,12,1
29,160,12,1
30,40,12,1
31,68,12,1
32,56,12,1
33,160,12,1
34,204,12,1
35,272,12,1
36,56,12,1
37,60,12,1
38,144,12,1
39,144,12,1
40,40,12,1
1,60,12,2
2,144,12,2
3,144,12,2
4,68,12,2
5,84,12,2
6,48,12,2
7,144,12,2
8,68,12,2
9,80,12,2
10,272,12,2
11,80,12,2
12,28,12,2
13,48,12,2
14,60,12,2
15,112,12,2
16,20,12,2
17,40,12,2
18,80,12,2
19,136,12,2
20,96,12,2
21,144,12,2
22,204,12,2
23,60,12,2
24,144,12,2
25,84,12,2
26,112,12,2
27,136,12,2
28,80,12,2
29,40,12,2
30,40,12,2
31,204,12,2
32,40,12,2
33,28,12,2
34,136,12,2
35,120,12,2
36,28,12,2
37,192,12,2
38,84,12,2
39,204,12,2
40,80,12,2
41,80,12,2
42,80,12,2
43,112,12,2
44,84,12,2
45,136,12,2
46,56,12,2
47,80,12,2
48,112,12,2
49,56,12,2
1,20,12,3
2,272,12,3
3,40,12,3
4,20,12,3
5,48,12,3
6,40,12,3
7,84,12,3
8,20,12,3
9,68,12,3
10,28,12,3
11,136,12,3
12,40,12,3
13,56,12,3
14,120,12,3
15,20,12,3
16,84,12,3
17,272,12,3
18,112,12,3
19,80,12,3
20,80,12,3
21,20,12,3
22,96,12,3
23,20,12,3
24,40,12,3
25,84,12,3
26,40,12,3
27,144,12,3
28,96,12,3
29,60,12,3
30,40,12,3
31,272,12,3
32,60,12,3
33,96,12,3
34,80,12,3
35,20,12,3
36,48,12,3
37,144,12,3
38,144,12,3
1,40,12,4
2,120,12,4
3,80,12,4
4,192,12,4
5,120,12,4
6,68,12,4
7,56,12,4
8,144,12,4
9,28,12,4
10,112,12,4
11,20,12,4
12,136,12,4
13,136,12,4
14,272,12,4
15,40,12,4
16,112,12,4
17,28,12,4
18,40,12,4
19,68,12,4
20,20,12,4
21,28,12,4
22,204,12,4
23,96,12,4
24,80,12,4
25,272,12,4
26,40,12,4
27,120,12,4
28,68,12,4
29,120,12,4
30,144,12,4
31,84,12,4
32,40,12,4
33,48,12,4
34,192,12,4
35,112,12,4
1,144,12,5
2,84,12,5
3,84,12,5
4,68,12,5
5,84,12,5
6,48,12,5
7,192,12,5
8,60,12,5
9,40,12,5
10,56,12,5
11,160,12,5
12,136,12,5
13,68,12,5
14,272,12,5
15,20,12,5
16,56,12,5
17,144,12,5
18,20,12,5
19,160,12,5
20,60,12,5
21,272,12,5
22,68,12,5
23,136,12,5
24,112,12,5
25,20,12,5
26,80,12,5
27,272,12,5
28,40,12,5
29,80,12,5
30,144,12,5
31,272,12,5
32,80,12,5
33,20,12,5
34,80,12,5
35,84,12,5
36,136,12,5
37,136,12,5
38,112,12,5
39,68,12,5
40,68,12,5
41,40,12,5
42,160,12,5
43,84,12,5
44,28,12,5
45,84,12,5
46,20,12,5
47,68,12,5
48,160,12,5
49,40,12,5
1,56,12,6
2,120,12,6
3,48,12,6
4,56,12,6
5,160,12,6
6,204,12,6
7,56,12,6
8,48,12,6
9,28,12,6
10,68,12,6
11,272,12,6
12,192,12,6
13,136,12,6
14,40,12,6
15,120,12,6
16,160,12,6
17,204,12,6
18,84,12,6
19,120,12,6
20,272,12,6
21,160,12,6
22,84,12,6
23,40,12,6
24,272,12,6
25,120,12,6
26,68,12,6
27,112,12,6
28,84,12,6
29,120,12,6
30,40,12,6
31,48,12,6
32,40,12,6
33,120,12,6
34,144,12,6
35,112,12,6
36,20,12,6
37,144,12,6
38,48,12,6
39,272,12,6
40,136,12,6
41,272,12,6
42,120,12,6
43,112,12,6
44,40,12,6
45,40,12,6
46,68,12,6
1,40,12,7
2,28,12,7
3,28,12,7
4,80,12,7
5,80,12,7
6,28,12,7
7,68,12,7
8,144,12,7
9,40,12,7
10,60,12,7
11,80,12,7
12,136,12,7
13,120,12,7
14,204,12,7
15,84,12,7
16,112,12,7
17,56,12,7
18,40,12,7
19,56,12,7
20,20,12,7
21,160,12,7
22,84,12,7
23,160,12,7
24,160,12,7
25,96,12,7
26,68,12,7
27,272,12,7
28,112,12,7
29,28,12,7
30,60,12,7
31,84,12,7
32,56,12,7
33,160,12,7
34,272,12,7
35,40,12,7
36,204,12,7
37,136,12,7
38,272,12,7
39,80,12,7
40,96,12,7
41,80,12,7
42,144,12,7
43,160,12,7
44,144,12,7
1,40,12,8
2,136,12,8
3,80,12,8
4,160,12,8
5,96,12,8
6,160,12,8
7,204,12,8
8,40,12,8
9,28,12,8
10,204,12,8
11,40,12,8
12,96,12,8
13,68,12,8
14,96,12,8
15,80,12,8
16,120,12,8
17,20,12,8
18,60,12,8
19,40,12,8
20,144,12,8
21,28,12,8
22,28,12,8
23,112,12,8
24,28,12,8
25,80,12,8
26,80,12,8
27,272,12,8
28,120,12,8
29,48,12,8
30,96,12,8
31,192,12,8
32,68,12,8
33,48,12,8
34,40,12,8
35,56,12,8
36,80,12,8
37,120,12,8
1,120,12,9
2,80,12,9
3,40,12,9
4,84,12,9
5,56,12,9
6,112,12,9
7,20,12,9
8,80,12,9
9,84,12,9
10,144,12,9
11,96,12,9
12,20,12,9
13,136,12,9
14,80,12,9
15,40,12,9
16,48,12,9
17,48,12,9
18,40,12,9
19,56,12,9
20,84,12,9
21,60,12,9
22,272,12,9
23,84,12,9
24,80,12,9
25,204,12,9
26,120,12,9
27,56,12,9
28,20,12,9
29,68,12,9
30,144,12,9
31,56,12,9
32,40,12,9
33,68,12,9
1,20,12,10
2,40,12,10
3,80,12,10
4,160,12,10
5,40,12,10
6,120,12,10
7,272,12,10
8,192,12,10
9,204,12,10
10,204,12,10
11,204,12,10
12,144,12,10
13,136,12,10
14,20,12,10
15,120,12,10
16,192,12,10
17,136,12,10
18,204,12,10
19,204,12,10
20,136,12,10
21,40,12,10
22,96,12,10
23,56,12,10
24,120,12,10
25,192,12,10
26,144,12,10
27,40,12,10
28,192,12,10
29,80,12,10
30,20,12,10
31,112,12,10
32,48,12,10
33,144,12,10
34,204,12,10
35,40,12,10
36,48,12,10
37,56,12,10
1,96,12,11
2,28,12,11
3,80,12,11
4,84,12,11
5,28,12,11
6,56,12,11
7,80,12,11
8,48,12,11
9,136,12,11
10,28,12,11
11,96,12,11
12,204,12,11
13,40,12,11
14,204,12,11
15,112,12,11
16,160,12,11
17,192,12,11
18,60,12,11
19,28,12,11
20,60,12,11
21,80,12,11
22,112,12,11
23,112,12,11
24,28,12,11
25,80,12,11
26,40,12,11
27,204,12,11
28,96,12,11
29,84,12,11
30,120,12,11
31,112,12,11
32,48,12,11
33,96,12,11
34,48,12,11
1,144,13,1
2,56,13,1
3,40,13,1
4,68,13,1
5,80,13,1
6,40,13,1
7,112,13,1
8,272,13,1
9,120,13,1
10,40,13,1
11,40,13,1
12,48,13,1
13,40,13,1
14,160,13,1
15,120,13,1
16,80,13,1
17,120,13,1
1,48,13,2
2,84,13,2
3,80,13,2
4,28,13,2
5,160,13,2
6,40,13,2
7,136,13,2
8,80,13,2
9,80,13,2
10,112,13,2
11,20,13,2
12,28,13,2
13,80,13,2
14,40,13,2
15,28,13,2
16,192,13,2
17,60,13,2
18,60,13,2
19,80,13,2
20,192,13,2
21,272,13,2
22,84,13,2
1,80,13,3
2,28,13,3
3,60,13,3
4,144,13,3
5,136,13,3
6,160,13,3
7,80,13,3
8,120,13,3
9,160,13,3
10,40,13,3
11,80,13,3
12,192,13,3
13,40,13,3
14,48,13,3
15,96,13,3
1,192,13,4
2,120,13,4
3,28,13,4
4,60,13,4
5,204,13,4
6,60,13,4
7,60,13,4
8,40,13,4
9,56,13,4
10,96,13,4
11,68,13,4
12,56,13,4
13,80,13,4
14,204,13,4
15,192,13,4
16,96,13,4
17,40,13,4
18,40,13,4
19,40,13,4
20,60,13,4
21,80,13,4
22,160,13,4
23,80,13,4
24,136,13,4
25,48,13,4
26,84,13,4
1,160,13,5
2,40,13,5
3,68,13,5
4,272,13,5
5,40,13,5
6,144,13,5
7,96,13,5
8,80,13,5
9,136,13,5
10,40,13,5
11,144,13,5
12,60,13,5
13,56,13,5
14,96,13,5
15,112,13,5
16,84,13,5
17,60,13,5
18,112,13,5
19,112,13,5
20,136,13,5
21,48,13,5
1,40,13,6
2,56,13,6
3,120,13,6
4,40,13,6
5,160,13,6
6,80,13,6
7,204,13,6
8,60,13,6
9,192,13,6
10,80,13,6
11,80,13,6
12,60,13,6
13,20,13,6
14,60,13,6
15,28,13,6
1,96,14,1
2,204,14,1
3,68,14,1
4,96,14,1
5,68,14,1
6,40,14,1
7,96,14,1
8,144,14,1
9,204,14,1
10,40,14,1
11,80,14,1
12,80,14,1
13,272,14,1
14,120,14,1
15,120,14,1
16,60,14,1
17,96,14,1
18,204,14,1
19,84,14,1
1,40,14,2
2,192,14,2
3,68,14,2
4,204,14,2
5,56,14,2
6,84,14,2
7,96,14,2
8,56,14,2
9,68,14,2
10,40,14,2
11,28,14,2
12,144,14,2
13,84,14,2
14,84,14,2
15,68,14,2
16,60,14,2
1,84,14,3
2,40,14,3
3,80,14,3
4,20,14,3
5,136,14,3
6,56,14,3
7,40,14,3
8,204,14,3
9,272,14,3
10,84,14,3
11,80,14,3
12,80,14,3
13,120,14,3
14,192,14,3
15,204,14,3
16,56,14,3
17,48,14,3
18,40,14,3
19,60,14,3
20,160,14,3
21,160,14,3
22,204,14,3
1,28,14,4
2,192,14,4
3,120,14,4
4,40,14,4
5,20,14,4
6,80,14,4
7,68,14,4
8,48,14,4
9,80,14,4
10,48,14,4
11,144,14,4
12,68,14,4
13,120,14,4
14,80,14,4
15,144,14,4
16,136,14,4
17,136,14,4
18,80,14,4
19,80,14,4
20,96,14,4
21,120,14,4
22,192,14,4
23,68,14,4
1,204,14,5
2,20,14,5
3,204,14,5
4,28,14,5
5,192,14,5
6,40,14,5
7,96,14,5
8,136,14,5
9,40,14,5
10,120,14,5
11,112,14,5
12,204,14,5
13,56,14,5
14,204,14,5
15,48,14,5
16,120,14,5
17,28,14,5
18,28,14,5
19,144,14,5
20,160,14,5
21,48,14,5
22,120,14,5
1,68,14,6
2,204,14,6
3,68,14,6
4,40,14,6
5,28,14,6
6,80,14,6
7,120,14,6
8,80,14,6
9,56,14,6
10,272,14,6
11,112,14,6
12,160,14,6
13,84,14,6
14,144,14,6
15,80,14,6
16,40,14,6
17,80,14,6
18,80,14,6
19,84,14,6
20,40,14,6
21,80,14,6
22,56,14,6
23,192,14,6
24,60,14,6
25,20,14,6
26,56,14,6
1,160,15,1
2,68,15,1
3,40,15,1
4,120,15,1
5,40,15,1
6,48,15,1
7,48,15,1
8,96,15,1
9,84,15,1
10,40,15,1
11,40,15,1
12,80,15,1
13,136,15,1
14,192,15,1
15,80,15,1
16,68,15,1
17,192,15,1
18,84,15,1
19,160,15,1
20,96,15,1
21,96,15,1
22,80,15,1
23,80,15,1
24,60,15,1
25,160,15,1
26,56,15,1
27,84,15,1
28,68,15,1
29,112,15,1
30,120,15,1
31,48,15,1
32,56,15,1
33,48,15,1
34,28,15,1
35,144,15,1
36,120,15,1
37,272,15,1
38,20,15,1
39,80,15,1
1,84,15,2
2,68,15,2
3,120,15,2
4,48,15,2
5,96,15,2
6,20,15,2
7,192,15,2
8,28,15,2
9,60,15,2
10,68,15,2
11,96,15,2
12,144,15,2
13,204,15,2
14,160,15,2
15,28,15,2
16,272,15,2
17,68,15,2
18,112,15,2
19,96,15,2
20,80,15,2
21,112,15,2
22,112,15,2
23,68,15,2
24,120,15,2
25,120,15,2
26,84,15,2
27,204,15,2
1,60,15,3
2,192,15,3
3,40,15,3
4,80,15,3
5,84,15,3
6,80,15,3
7,80,15,3
8,48,15,3
9,20,15,3
10,96,15,3
11,60,15,3
12,272,15,3
13,40,15,3
14,80,15,3
15,144,15,3
16,144,15,3
17,112,15,3
18,80,15,3
19,120,15,3
20,160,15,3
21,84,15,3
22,120,15,3
23,80,15,3
24,96,15,3
25,68,15,3
26,84,15,3
27,80,15,3
28,80,15,3
29,80,15,3
30,80,15,3
31,28,15,3
32,96,15,3
33,48,15,3
34,68,15,3
35,56,15,3
36,144,15,3
37,80,15,3
38,160,15,3
39,96,15,3
40,48,15,3
41,136,15,3
42,84,15,3
1,68,15,4
2,84,15,4
3,192,15,4
4,192,15,4
5,40,15,4
6,80,15,4
7,28,15,4
8,20,15,4
9,160,15,4
10,68,15,4
11,204,15,4
12,192,15,4
13,272,15,4
14,204,15,4
15,20,15,4
16,204,15,4
17,136,15,4
18,120,15,4
19,68,15,4
20,272,15,4
21,28,15,4
22,48,15,4
23,80,15,4
24,192,15,4
25,60,15,4
26,80,15,4
27,28,15,4
28,192,15,4
29,272,15,4
30,68,15,4
31,80,15,4
32,272,15,4
33,160,15,4
34,60,15,4
35,204,15,4
36,60,15,4
37,40,15,4
38,160,15,4
39,68,15,4
1,56,15,5
2,192,15,5
3,28,15,5
4,272,15,5
5,60,15,5
6,28,15,5
7,20,15,5
8,56,15,5
9,272,15,5
10,80,15,5
11,68,15,5
12,84,15,5
13,112,15,5
14,112,15,5
15,40,15,5
16,28,15,5
17,112,15,5
18,48,15,5
19,192,15,5
20,204,15,5
21,48,15,5
22,68,15,5
23,112,15,5
24,160,15,5
25,160,15,5
26,120,15,5
27,40,15,5
28,40,15,5
29,136,15,5
30,192,15,5
31,96,15,5
32,84,15,5
33,84,15,5
34,272,15,5
35,96,15,5
36,112,15,5
37,204,15,5
38,192,15,5
39,204,15,5
40,144,15,5
41,120,15,5
42,192,15,5
43,40,15,5
44,192,15,5
45,60,15,5
46,192,15,5
47,48,15,5
1,112,15,6
2,272,15,6
3,40,15,6
4,40,15,6
5,68,15,6
6,204,15,6
7,48,15,6
8,96,15,6
9,192,15,6
10,48,15,6
11,60,15,6
12,272,15,6
13,96,15,6
14,48,15,6
15,80,15,6
16,160,15,6
17,84,15,6
18,160,15,6
19,48,15,6
20,68,15,6
21,20,15,6
22,204,15,6
23,204,15,6
24,144,15,6
25,60,15,6
26,40,15,6
27,160,15,6
28,84,15,6
29,80,15,6
30,160,15,6
31,80,15,6
32,120,15,6
33,96,15,6
34,136,15,6
35,160,15,6
36,80,15,6
37,40,15,6
38,56,15,6
1,80,15,7
2,144,15,7
3,192,15,7
4,144,15,7
5,192,15,7
6,144,15,7
7,136,15,7
8,40,15,7
9,28,15,7
10,204,15,7
11,84,15,7
12,144,15,7
13,40,15,7
14,204,15,7
15,84,15,7
16,112,15,7
17,144,15,7
18,96,15,7
19,80,15,7
20,96,15,7
21,28,15,7
22,80,15,7
23,96,15,7
24,204,15,7
25,68,15,7
26,120,15,7
27,272,15,7
1,192,15,8
2,272,15,8
3,68,15,8
4,144,15,8
5,56,15,8
6,96,15,8
7,68,15,8
8,28,15,8
9,20,15,8
10,56,15,8
11,136,15,8
12,60,15,8
13,80,15,8
14,20,15,8
15,80,15,8
16,192,15,8
17,40,15,8
18,160,15,8
19,80,15,8
20,28,15,8
21,40,15,8
22,96,15,8
23,20,15,8
24,136,15,8
25,96,15,8
26,192,15,8
27,28,15,8
28,28,15,8
29,160,15,8
30,120,15,8
31,40,15,8
32,112,15,8
33,40,15,8
1,48,15,9
2,136,15,9
3,160,15,9
4,40,15,9
5,48,15,9
6,80,15,9
7,40,15,9
8,144,15,9
9,48,15,9
10,80,15,9
11,160,15,9
12,28,15,9
13,40,15,9
14,204,15,9
15,80,15,9
16,96,15,9
17,40,15,9
18,56,15,9
19,192,15,9
20,40,15,9
21,204,15,9
22,48,15,9
23,48,15,9
24,40,15,9
25,80,15,9
26,60,15,9
27,28,15,9
28,192,15,9
29,112,15,9
30,96,15,9
31,144,15,9
32,144,15,9
33,60,15,9
34,136,15,9
35,68,15,9
36,40,15,9
37,60,15,9
38,28,15,9
39,28,15,9
1,144,15,10
2,48,15,10
3,40,15,10
4,40,15,10
5,120,15,10
6,40,15,10
7,84,15,10
8,48,15,10
9,136,15,10
10,96,15,10
11,28,15,10
12,160,15,10
13,80,15,10
14,80,15,10
15,160,15,10
16,48,15,10
17,56,15,10
18,28,15,10
19,84,15,10
20,112,15,10
21,160,15,10
22,160,15,10
23,40,15,10
24,68,15,10
25,48,15,10
26,40,15,10
27,144,15,10
28,40,15,10
29,144,15,10
30,144,15,10
31,28,15,10
32,68,15,10
33,120,15,10
34,112,15,10
35,112,15,10
36,40,15,10
37,192,15,10
38,48,15,10
1,68,15,11
2,80,15,11
3,96,15,11
4,68,15,11
5,112,15,11
6,40,15,11
7,160,15,11
8,144,15,11
9,204,15,11
10,40,15,11
11,84,15,11
12,80,15,11
13,136,15,11
14,48,15,11
15,192,15,11
16,192,15,11
17,204,15,11
18,60,15,11
19,112,15,11
20,144,15,11
21,84,15,11
22,204,15,11
23,80,15,11
24,48,15,11
25,28,15,11
26,60,15,11
27,144,15,11
28,20,15,11
29,68,15,11
30,20,15,11
31,272,15,11
1,40,15,12
2,48,15,12
3,192,15,12
4,204,15,12
5,48,15,12
6,204,15,12
7,80,15,12
8,272,15,12
9,28,15,12
10,84,15,12
11,112,15,12
12,80,15,12
13,192,15,12
14,112,15,12
15,84,15,12
16,160,15,12
17,272,15,12
18,204,15,12
19,120,15,12
20,20,15,12
21,80,15,12
22,80,15,12
23,136,15,12
24,68,15,12
25,84,15,12
26,192,15,12
27,80,15,12
28,60,15,12
29,144,15,12
30,80,15,12
31,68,15,12
32,80,15,12
33,160,15,12
34,144,15,12
35,84,15,12
36,96,15,12
37,112,15,12
38,80,15,12
1,96,15,13
2,48,15,13
3,84,15,13
4,204,15,13
5,48,15,13
6,80,15,13
7,60,15,13
8,48,15,13
9,80,15,13
10,272,15,13
11,96,15,13
12,136,15,13
13,80,15,13
14,136,15,13
15,60,15,13
16,160,15,13
17,40,15,13
18,272,15,13
19,272,15,13
20,80,15,13
21,56,15,13
22,204,15,13
23,120,15,13
24,28,15,13
25,68,15,13
26,272,15,13
27,28,15,13
28,40,15,13
29,120,15,13
30,112,15,13
31,28,15,13
32,80,15,13
33,204,15,13
34,204,15,13
35,204,15,13
36,80,15,13
37,204,15,13
38,96,15,13
39,40,15,13
40,96,15,13
41,272,15,13
1,136,15,14
2,80,15,14
3,28,15,14
4,84,15,14
5,204,15,14
6,48,15,14
7,68,15,14
8,28,15,14
9,48,15,14
10,272,15,14
11,68,15,14
12,80,15,14
13,40,15,14
14,96,15,14
15,48,15,14
16,48,15,14
17,160,15,14
18,84,15,14
19,96,15,14
20,204,15,14
21,80,15,14
22,96,15,14
23,60,15,14
24,48,15,14
25,192,15,14
26,40,15,14
27,48,15,14
28,68,15,14
29,28,15,14
30,56,15,14
31,80,15,14
32,68,15,14
33,48,15,14
34,28,15,14
35,160,15,14
36,144,15,14
37,144,15,14
38,120,15,14
39,204,15,14
40,56,15,14
41,144,15,14
42,144,15,14
43,84,15,14
1,56,15,15
2,28,15,15
3,272,15,15
4,136,15,15
5,272,15,15
6,112,15,15
7,84,15,15
8,20,15,15
9,48,15,15
10,56,15,15
11,112,15,15
12,28,15,15
13,80,15,15
14,112,15,15
15,192,15,15
16,144,15,15
17,80,15,15
18,60,15,15
19,80,15,15
20,84,15,15
21,96,15,15
22,80,15,15
23,84,15,15
24,160,15,15
25,40,15,15
26,120,15,15
27,120,15,15
28,28,15,15
29,20,15,15
30,60,15,15
31,120,15,15
32,80,15,15
33,40,15,15
34,68,15,15
35,96,15,15
36,80,15,15
37,60,15,15
38,40,15,15
39,120,15,15
40,204,15,15
41,80,15,15
42,20,15,15
43,80,15,15
1,40,16,1
2,20,16,1
3,144,16,1
4,84,16,1
5,84,16,1
6,40,16,1
7,40,16,1
8,68,16,1
9,96,16,1
10,192,16,1
11,192,16,1
12,204,16,1
13,28,16,1
14,120,16,1
15,192,16,1
16,56,16,1
17,136,16,1
18,112,16,1
19,80,16,1
20,84,16,1
21,48,16,1
22,80,16,1
23,84,16,1
24,40,16,1
25,40,16,1
26,20,16,1
27,68,16,1
28,40,16,1
29,192,16,1
30,136,16,1
31,120,16,1
32,204,16,1
33,160,16,1
34,80,16,1
35,272,16,1
36,40,16,1
1,48,16,2
2,48,16,2
3,68,16,2
4,136,16,2
5,80,16,2
6,204,16,2
7,28,16,2
8,120,16,2
9,48,16,2
10,20,16,2
11,204,16,2
12,40,16,2
13,40,16,2
14,96,16,2
15,68,16,2
16,68,16,2
17,40,16,2
18,68,16,2
19,120,16,2
20,112,16,2
21,136,16,2
22,80,16,2
23,80,16,2
24,60,16,2
25,80,16,2
26,136,16,2
27,192,16,2
28,272,16,2
29,136,16,2
30,20,16,2
31,84,16,2
32,80,16,2
33,28,16,2
34,144,16,2
35,136,16,2
36,144,16,2
37,40,16,2
38,120,16,2
1,60,16,3
2,48,16,3
3,272,16,3
4,48,16,3
5,192,16,3
6,40,16,3
7,136,16,3
8,84,16,3
9,160,16,3
10,120,16,3
11,96,16,3
12,20,16,3
13,40,16,3
14,60,16,3
15,60,16,3
16,68,16,3
17,56,16,3
18,68,16,3
19,120,16,3
20,144,16,3
21,80,16,3
22,48,16,3
23,192,16,3
24,48,16,3
25,272,16,3
26,96,16,3
27,204,16,3
28,48,16,3
29,48,16,3
30,68,16,3
31,272,16,3
32,136,16,3
33,136,16,3
34,56,16,3
35,96,16,3
36,120,16,3
37,204,16,3
38,272,16,3
39,136,16,3
40,120,16,3
1,40,16,4
2,40,16,4
3,136,16,4
4,40,16,4
5,40,16,4
6,80,16,4
7,40,16,4
8,80,16,4
9,96,16,4
10,120,16,4
11,192,16,4
12,136,16,4
13,144,16,4
14,204,16,4
15,56,16,4
16,192,16,4
17,192,16,4
18,28,16,4
19,56,16,4
20,40,16,4
21,60,16,4
22,20,16,4
23,56,16,4
24,40,16,4
25,192,16,4
26,48,16,4
27,204,16,4
28,160,16,4
29,60,16,4
30,28,16,4
1,96,16,5
2,120,16,5
3,112,16,5
4,40,16,5
5,20,16,5
6,60,16,5
7,48,16,5
8,60,16,5
9,48,16,5
10,160,16,5
11,40,16,5
12,272,16,5
13,96,16,5
14,160,16,5
15,80,16,5
16,272,16,5
17,84,16,5
18,40,16,5
19,84,16,5
20,84,16,5
21,56,16,5
22,48,16,5
23,40,16,5
24,20,16,5
25,60,16,5
26,56,16,5
1,112,16,6
2,68,16,6
3,84,16,6
4,112,16,6
5,160,16,6
6,160,16,6
7,48,16,6
8,80,16,6
9,192,16,6
10,112,16,6
11,192,16,6
12,160,16,6
13,40,16,6
14,84,16,6
15,28,16,6
16,60,16,6
17,80,16,6
18,84,16,6
19,160,16,6
20,144,16,6
21,68,16,6
22,84,16,6
23,40,16,6
24,272,16,6
25,84,16,6
26,56,16,6
27,20,16,6
28,28,16,6
29,28,16,6
30,112,16,6
31,160,16,6
32,96,16,6
33,112,16,6
34,80,16,6
35,56,16,6
36,40,16,6
37,28,16,6
38,192,16,6
1,96,16,7
2,136,16,7
3,68,16,7
4,96,16,7
5,40,16,7
6,144,16,7
7,120,16,7
8,112,16,7
9,84,16,7
10,40,16,7
11,272,16,7
12,40,16,7
13,84,16,7
14,144,16,7
15,60,16,7
16,136,16,7
17,56,16,7
18,272,16,7
19,136,16,7
20,204,16,7
21,136,16,7
22,48,16,7
23,144,16,7
24,204,16,7
25,96,16,7
26,272,16,7
27,68,16,7
28,192,16,7
29,48,16,7
30,120,16,7
31,28,16,7
32,68,16,7
33,80,16,7
1,160,16,8
2,84,16,8
3,192,16,8
4,68,16,8
5,204,16,8
6,112,16,8
7,96,16,8
8,112,16,8
9,60,16,8
10,80,16,8
11,28,16,8
12,80,16,8
13,80,16,8
14,68,16,8
15,28,16,8
16,48,16,8
17,68,16,8
18,192,16,8
19,120,16,8
20,204,16,8
21,144,16,8
22,192,16,8
23,96,16,8
24,144,16,8
25,96,16,8
26,204,16,8
27,28,16,8
28,84,16,8
29,40,16,8
30,40,16,8
31,80,16,8
32,48,16,8
33,204,16,8
34,60,16,8
35,48,16,8
36,272,16,8
37,80,16,8
38,68,16,8
39,56,16,8
40,204,16,8
1,136,16,9
2,120,16,9
3,120,16,9
4,204,16,9
5,112,16,9
6,84,16,9
7,28,16,9
8,56,16,9
9,68,16,9
10,204,16,9
11,80,16,9
12,60,16,9
13,120,16,9
14,144,16,9
15,96,16,9
16,192,16,9
17,144,16,9
18,192,16,9
19,20,16,9
20,96,16,9
21,204,16,9
22,48,16,9
23,20,16,9
24,28,16,9
25,68,16,9
26,144,16,9
27,56,16,9
28,204,16,9
29,48,16,9
30,144,16,9
31,84,16,9
32,40,16,9
33,80,16,9
34,136,16,9
35,20,16,9
36,68,16,9
37,80,16,9
38,120,16,9
39,80,16,9
40,136,16,9
1,68,16,10
2,112,16,10
3,84,16,10
4,68,16,10
5,60,16,10
6,40,16,10
7,48,16,10
8,68,16,10
9,80,16,10
10,60,16,10
11,84,16,10
12,60,16,10
13,144,16,10
14,40,16,10
15,20,16,10
16,144,16,10
17,68,16,10
18,28,16,10
19,56,16,10
20,60,16,10
21,56,16,10
22,112,16,10
23,192,16,10
24,80,16,10
25,20,16,10
26,20,16,10
27,272,16,10
28,96,16,10
29,68,16,10
30,204,16,10
31,40,16,10
32,192,16,10
33,56,16,10
34,48,16,10
1,272,16,11
2,144,16,11
3,120,16,11
4,144,16,11
5,272,16,11
6,272,16,11
7,96,16,11
8,80,16,11
9,192,16,11
10,272,16,11
11,80,16,11
12,272,16,11
13,120,16,11
14,20,16,11
15,40,16,11
16,80,16,11
17,56,16,11
18,144,16,11
19,80,16,11
20,28,16,11
21,60,16,11
22,28,16,11
23,68,16,11
24,96,16,11
25,68,16,11
26,160,16,11
27,192,16,11
28,60,16,11
29,120,16,11
30,40,16,11
31,56,16,11
32,20,16,11
33,84,16,11
34,136,16,11
35,80,16,11
1,68,16,12
2,56,16,12
3,136,16,12
4,68,16,12
5,204,16,12
6,40,16,12
7,96,16,12
8,40,16,12
9,144,16,12
10,68,16,12
11,272,16,12
12,48,16,12
13,80,16,12
14,192,16,12
15,160,16,12
16,136,16,12
17,120,16,12
18,40,16,12
19,28,16,12
20,192,16,12
21,80,16,12
22,204,16,12
23,160,16,12
24,160,16,12
25,84,16,12
26,204,16,12
27,84,16,12
28,192,16,12
29,144,16,12
30,84,16,12
31,28,16,12
32,60,16,12
33,60,16,12
34,40,16,12
35,120,16,12
36,204,16,12
37,120,16,12
38,68,16,12
39,68,16,12
40,68,16,12
41,80,16,12
42,40,16,12
43,40,16,12
44,204,16,12
45,80,16,12
46,60,16,12
47,112,16,12
1,48,16,13
2,204,16,13
3,60,16,13
4,20,16,13
5,160,16,13
6,112,16,13
7,40,16,13
8,20,16,13
9,28,16,13
10,80,16,13
11,96,16,13
12,28,16,13
13,28,16,13
14,84,16,13
15,136,16,13
16,160,16,13
17,40,16,13
18,80,16,13
19,96,16,13
20,112,16,13
21,136,16,13
22,136,16,13
23,80,16,13
24,28,16,13
25,20,16,13
26,84,16,13
27,40,16,13
28,120,16,13
29,192,16,13
30,80,16,13
31,120,16,13
32,48,16,13
33,60,16,13
34,80,16,13
35,20,16,13
36,272,16,13
37,40,16,13
38,28,16,13
39,204,16,13
40,80,16,13
41,120,16,13
42,160,16,13
43,96,16,13
44,192,16,13
45,192,16,13
46,48,16,13
47,60,16,13
